Eng_Calender,Choke_well_1,WHT_well_1,WHP_well_1,Oil_Rate_well_1,delta_Q_well_1,Water_Rate_well_1,BS&W_well_1,Gas_Rate_well_1,GOR_well_1,Choke_well_2,WHT_well_2,WHP_well_2,Oil_Rate_well_2,delta_Q_well_2,Water_Rate_well_2,BS&W_well_2,Gas_Rate_well_2,GOR_well_2,Choke_well_3,WHT_well_3,WHP_well_3,Oil_Rate_well_3,delta_Q_well_3,Water_Rate_well_3,BS&W_well_3,Gas_Rate_well_3,GOR_well_3,Choke_well_4,WHT_well_4,WHP_well_4,Oil_Rate_well_4,delta_Q_well_4,Water_Rate_well_4,BS&W_well_4,Gas_Rate_well_4,GOR_well_4,total_oil_rate
1999-01-19,44.0,76.4,1785.58,7409.0,-15.875706214689265,3.29,0.04438574313741098,6936.0,936.1587258739371,60.0,79.0,1378.9499999999998,11092.0,-34.80487804878047,31.95,0.0,8730.6,787.1078254597909,44.0,74.6,1541.35,7888.0,-27.112994350282477,8.96,0.1139673,5892.0,746.9574036511157,62.0,80.45066666666666,1286.15,10874.0,-43.344632768361585,0.0,0.0,9600.0,882.8398013610447,37263.0
1999-01-20,50.0,83.65705128205128,1683.38,9205.0,1796.0,0.0,0.0,9420.0,1023.3568712656165,64.0,80.0,1326.75,11784.0,692.0,0.0,0.0,10063.2,853.9714867617108,52.0,80.0,1442.75,8933.0,1045.0,0.0,0.0,7174.2,803.1120564200156,62.0,80.0,1316.6,10280.0,-594.0,0.0,0.0,9200.0,894.9416342412451,40202.0
1999-01-21,55.0,83.65705128205128,1566.58,10454.0,1249.0,0.0,0.0,10812.0,1034.2452649703462,64.0,80.0,1338.35,11637.0,-147.0,0.0,0.0,9968.0,856.5781558821002,52.0,80.0,1339.8000000000002,9558.0,625.0,0.0,0.0,7778.4,813.8104205900817,62.0,80.0,1307.9,10243.0,-37.0,0.0,0.0,9200.0,898.1743629795958,41892.0
1999-01-22,55.0,83.65705128205128,1576.8,10006.0,-448.0,0.0,0.0,10832.0,1082.550469718169,64.0,80.0,1363.0,11305.0,-332.0,0.0,0.0,9763.2,863.6178681999115,52.0,80.0,1370.25,8896.0,-662.0,0.0,0.0,7457.6,838.3093525179856,62.0,80.0,1296.3000000000002,10209.0,-34.0,0.0,0.0,9120.0,893.3294152218631,40416.0
1999-01-25,55.0,83.65705128205128,1575.34,9877.0,-129.0,0.0,0.0,10976.0,1111.268603827073,72.0,80.0,1138.25,13307.0,2002.0,0.0,0.0,11945.6,897.6929435635379,52.0,80.0,1377.5,8725.0,-171.0,0.0,0.0,7348.8,842.269340974212,50.0,80.45066666666666,1595.0,9524.0,-685.0,0.0,0.0,8119.2,852.4989500209996,41433.0
1999-01-26,55.0,83.65705128205128,1576.8,9704.0,-173.0,0.0,0.0,11059.2,1139.653751030503,72.0,80.0,1158.5500000000002,12916.0,-391.0,0.0,0.0,11696.64,905.5930628677609,64.0,80.0,1080.25,11229.0,2504.0,0.0,0.0,9611.2,855.926618576899,58.0,80.45066666666666,1432.6,10456.0,932.0,0.0,0.0,8932.8,854.3228768171385,44305.0
1999-01-27,55.0,83.65705128205128,1554.9,9542.0,-162.0,0.0,0.0,10624.0,1113.3934185705302,68.0,92.8,1187.5500000000002,12386.0,-530.0,0.0,0.0,11313.0,913.3699337962215,64.0,80.0,1115.0500000000002,11417.0,188.0,0.0,0.0,9534.4,835.1055443636682,58.0,80.45066666666666,1389.1,9844.0,-612.0,0.0,0.0,8956.0,909.7927671678179,43189.0
1999-01-28,55.0,83.65705128205128,1610.38,8895.0,-647.0,0.0,0.0,10812.0,1215.514333895447,70.0,93.0,1102.0,13477.0,1091.0,0.0,0.0,11968.8,888.0908213994212,68.0,80.0,1084.6,11195.0,-222.0,0.0,0.0,10518.4,939.562304600268,58.0,80.45066666666666,1407.9499999999998,8519.0,-1325.0,0.0,0.0,8752.0,1027.350628007982,42086.0
1999-01-31,50.0,83.65705128205128,1679.0,8243.0,-652.0,0.0,0.0,9976.0,1210.2389906587407,60.0,91.7,1305.0,12291.0,-1186.0,0.0,0.0,10702.4,870.7509559840533,64.0,90.2,1128.1,10779.0,-416.0,0.0,0.0,10436.4,968.2159755079321,58.0,80.45066666666666,1413.75,8401.0,-118.0,0.0,0.0,8820.0,1049.875014879181,39714.0
1999-02-02,45.0,83.65705128205128,1807.48,7528.0,-715.0,0.0,0.0,8732.0,1159.9362380446335,60.0,92.2,1386.1999999999998,11243.0,-1048.0,3.8832,0.04,9720.0,864.5379347149337,40.0,86.4,1609.5,7135.0,-3644.0,0.0,0.0,6903.0,967.4842326559215,64.0,80.45066666666666,1326.75,9266.0,865.0,0.0,0.0,9774.0,1054.8240880638896,35172.0
1999-02-03,45.0,83.65705128205128,1829.38,7357.0,-171.0,0.0,0.0,8468.0,1151.0126410221558,60.0,92.3,1383.3000000000002,11154.0,-89.0,5.82,0.052,9666.0,866.5949435180204,55.0,89.5,1410.85,9052.0,1917.0,0.0,0.0,9163.2,1012.2845779938135,68.0,80.45066666666666,1212.1999999999998,10597.0,1331.0,0.0,0.0,10884.0,1027.0831367368123,38160.0
1999-02-06,45.0,83.65705128205128,1832.3,7333.0,-24.0,0.0,0.0,8476.0,1155.8707213964271,60.0,92.3,1374.6,11097.0,-57.0,0.0,0.0,9574.8,862.8277912949446,55.0,89.6,1400.6999999999998,8898.0,-154.0,0.0,0.0,9167.4,1030.2764666217126,64.0,80.45066666666666,1363.0,9044.0,-1553.0,0.0,0.0,9450.0,1044.891640866873,36372.0
1999-02-08,30.0,70.7,2054.22,4876.88,-2456.12,0.0,0.0,4752.0,974.3934646741359,60.0,92.6,1368.8000000000002,10171.0,-926.0,0.0,0.0,10493.3,1031.6881329269493,76.0,90.5,1025.15,11151.0,2253.0,0.0,0.0,11800.0,1058.2010582010582,64.0,80.45066666666666,1367.35,9020.0,-24.0,0.0,0.0,9528.0,1056.3192904656319,35218.880000000005
1999-02-10,55.0,83.65705128205128,1620.6,9874.62,4997.740000000001,0.0,0.0,11376.0,1152.044331832516,60.0,92.7,1364.4499999999998,11030.0,859.0,0.0,0.0,9576.0,868.1776971894832,76.0,90.4,1009.1999999999999,10857.0,-294.0,0.0,0.0,12024.0,1107.4882564244267,40.0,80.45066666666666,1753.0500000000002,4873.0,-4147.0,0.0,0.0,3272.0,671.4549558793351,36634.62
1999-02-16,55.0,88.0,1620.6,10013.44,138.8199999999997,0.0,0.0,11609.14,1159.3558257701648,60.0,92.7,1370.25,10690.0,-340.0,0.0,0.0,8688.0,812.7221702525725,76.0,90.2,1010.6500000000001,10659.0,-198.0,0.0,0.0,12236.0,1147.9500891265598,40.0,80.45066666666666,1796.5500000000002,4976.53,103.52999999999975,0.0,0.0,5016.0,1007.931229189817,36338.97
1999-02-17,45.0,88.2,1839.6,7678.15,-2335.290000000001,0.0,0.0,9047.2,1178.304669744665,70.0,93.4,1190.4499999999998,11533.0,843.0,0.0,0.0,12154.84,1053.918321338767,76.0,89.7,1022.25,10125.0,-534.0,0.0,0.0,13008.0,1284.7407407407406,32.0,80.45066666666666,1850.1999999999998,4902.73,-73.80000000000018,0.0,0.0,5322.0,1085.5176605687036,34238.880000000005
1999-02-18,40.0,86.9,1896.54,6680.59,-997.5599999999995,0.0,0.0,8080.0,1209.4740135227578,70.0,93.7,1183.1999999999998,11478.0,-55.0,0.0,0.0,12132.0,1056.9785676947204,76.0,89.6,1025.15,9922.0,-203.0,0.0,0.0,13160.0,1326.3454948599074,50.0,80.45066666666666,1612.4,7772.72,2869.9900000000007,0.0,0.0,8482.8,1091.3554071161705,35853.31
1999-02-20,36.0,82.3,2077.58,4188.93,-2491.66,0.0,0.0,5308.0,1267.149367499576,70.0,93.7,1177.4,11403.0,-75.0,0.0,0.0,11992.0,1051.6530737525213,70.0,89.5,1075.9,9622.0,-300.0,0.0,0.0,12712.0,1321.1390563292455,64.0,80.45066666666666,1450.0,9669.61,1896.8900000000003,0.0,0.0,10552.8,1091.3366723166705,34883.54
1999-02-22,36.0,85.5,1969.54,5947.47,1758.54,0.0,0.0,7236.0,1216.651786389843,70.0,93.5,1173.0500000000002,11482.0,79.0,0.0,0.0,11852.0,1032.2243511583347,70.0,89.3,1075.9,9620.0,-2.0,0.0,0.0,12792.0,1329.7297297297298,158.0,80.45066666666666,762.7,10066.69,397.0799999999999,0.0,0.0,15180.0,1507.9435246342143,37116.16
1999-02-26,36.0,85.0,2000.2,5555.12,-392.35000000000036,0.0,0.0,6854.0,1233.8167312317287,80.0,93.6,1061.4,10246.0,-1236.0,0.0,0.0,14420.0,1407.378489166504,70.0,89.3,1223.8000000000002,9406.0,-214.0,0.0,0.0,11540.0,1226.8764618328726,36.0,80.45066666666666,1914.0,4644.74,-5421.950000000001,0.0,0.0,5055.0,1088.3278719583873,29851.86
1999-02-27,36.0,85.8,2003.12,5493.54,-61.57999999999993,0.0,0.0,6356.0,1156.995307215384,64.0,93.1,1297.75,11169.0,923.0,0.0,0.0,9653.76,864.3352135374698,42.0,85.4,1645.75,5759.0,-3647.0,0.0,0.0,6846.0,1188.748046535857,46.0,80.45066666666666,1827.0,6260.16,1615.42,0.0,0.0,6774.0,1082.0809691765066,28681.7
1999-03-03,36.0,85.7,2006.04,5543.78,50.23999999999978,0.0,0.0,7914.13,1427.5692758370642,64.0,92.7,1406.5,9881.0,-1288.0,0.0,0.0,9224.0,933.5087541746786,40.0,84.1,1731.3000000000002,4826.0,-933.0,0.0,0.0,5288.0,1095.731454620804,46.0,80.45066666666666,1798.0,5768.99,-491.1700000000001,0.0,0.0,6308.0,1093.4322992412883,26019.769999999997
1999-03-07,36.0,85.7,2008.96,5523.38,-20.399999999999636,0.0,0.0,7932.66,1436.196676672617,64.0,92.7,1374.6,11033.0,1152.0,0.0,0.0,8344.0,756.2766246714402,38.0,84.5,1755.9499999999998,4707.0,-119.0,0.0,0.0,4692.0,996.8132568514977,40.0,80.45066666666666,1834.25,5422.5,-346.4899999999998,0.0,0.0,6023.6,1110.8529276164131,26685.88
1999-03-08,36.0,85.5,2011.88,5522.62,-0.7600000000002183,0.0,0.0,8047.23,1457.1399082319624,50.0,90.3,1645.75,7199.3,-3833.7,0.0,0.0,5260.8,730.7377106107538,40.0,84.8,1744.35,5217.0,510.0,0.0,0.0,5928.0,1136.2852213916044,40.0,80.45066666666666,1827.0,5857.08,434.5799999999999,0.0,0.0,6576.0,1122.7437562744576,23796.0
1999-03-09,36.0,85.6,2016.26,5521.85,-0.7699999999995271,0.0,0.0,8072.0,1461.8289160335755,40.0,85.1,1787.85,4779.77,-2419.5299999999997,0.0,0.0,3774.0,789.5777411883835,40.0,84.2,1784.9499999999998,4942.76,-274.2399999999998,0.0,0.0,5488.0,1110.3108384789064,40.0,80.45066666666666,1842.9499999999998,5637.75,-219.32999999999993,0.0,0.0,6520.0,1156.48973437985,20882.13
1999-03-14,36.0,88.0,2010.42,5638.0,116.14999999999964,0.0,0.0,8281.0,1468.783256473927,36.0,85.2,1812.5,5353.24,573.4699999999993,0.0,0.0,3960.0,739.7389244644365,34.0,83.6,1798.0,4400.15,-542.6100000000006,0.0,0.0,4411.8,1002.6476370123746,40.0,80.45066666666666,1854.5500000000002,5565.86,-71.89000000000033,0.0,0.0,5976.0,1073.6885225284143,20957.25
1999-03-15,36.0,83.65705128205128,2010.42,5541.0,-97.0,0.0,0.0,8320.0,1501.534019130121,50.0,89.4,1586.3000000000002,9029.81,3676.5699999999997,0.0,0.0,7116.0,788.056448585297,52.0,68.4,1566.0,7137.47,2737.3200000000006,0.0,0.0,8263.2,1157.7211532938143,44.0,85.2,1779.15,6634.89,1069.0300000000007,0.0,0.0,9042.45,1362.8635892983907,28343.17
1999-03-16,36.0,86.1,2013.34,5584.0,43.0,6.0,0.1,8339.0,1493.3739255014327,66.0,91.6,1436.9499999999998,10854.03,1824.2200000000012,0.0,0.0,8682.0,799.8872308257854,74.0,83.13727810650887,1038.1999999999998,10287.53,3150.0600000000004,0.0,0.0,12504.0,1215.4521056074684,44.0,85.2,1779.15,6551.55,-83.34000000000015,0.0,0.0,9092.37,1387.8196762598163,33277.11
1999-03-17,48.0,90.0,1737.4,8957.0,3373.0,0.0,0.0,13261.0,1480.5180305905994,75.0,92.2,1233.9499999999998,12397.98,1543.949999999999,0.0,0.0,10283.4,829.4415703203264,120.0,87.2,725.0,10195.0,-92.53000000000065,0.0,0.0,14443.8,1416.7533104462973,,85.4,1783.5,6482.23,-69.32000000000062,0.0,0.0,9223.83,1422.940870657166,38032.21
1999-03-25,48.0,83.65705128205128,1734.48,8936.0,-21.0,0.0,0.0,13208.0,1478.066248880931,40.0,81.7,1856.0,4576.51,-7821.469999999999,0.0,0.0,3492.0,763.0268479693041,40.0,84.8,1754.5,6186.75,-4008.25,0.0,0.0,6552.0,1059.0374590859499,44.0,85.4,1796.5500000000002,6394.63,-87.59999999999945,0.0,0.0,9399.86,1469.96151458333,26093.890000000003
1999-03-30,48.0,90.0,1722.8,8833.0,-103.0,0.0,0.0,13262.0,1501.415147741424,40.0,84.0,1841.5,4964.56,388.0500000000002,0.0,0.0,3812.0,767.8424674089949,40.0,86.0,1744.35,6060.39,-126.35999999999967,0.0,0.0,7460.0,1230.9438831494342,44.0,85.1,1815.4,6246.16,-148.47000000000025,0.0,0.0,9381.81,1502.0124364409494,26104.11
1999-04-01,48.0,90.0,1721.34,8737.0,-96.0,0.0,0.0,13206.0,1511.5028041661897,46.0,88.2,1761.75,6758.16,1793.5999999999995,0.0,0.0,5339.2,790.0375250068066,28.0,72.0,2051.75,2242.3,-3818.09,0.0,0.0,2664.0,1188.0658252686972,44.0,85.2,1813.9499999999998,6310.51,64.35000000000036,0.0,0.0,9579.79,1518.0690625638815,24047.97
1999-04-07,48.0,89.9,1718.42,8684.0,-53.0,0.0,0.0,13326.0,1534.546292031322,46.0,88.7,1740.0,7165.3,407.1400000000003,0.0,0.0,5676.0,792.1510613651906,40.0,86.4,1754.5,6229.97,3987.67,0.0,0.0,7812.0,1253.9386224973796,44.0,85.0,1837.15,6119.4,-191.11000000000058,0.0,0.0,9552.46,1561.0125175670819,28198.67
1999-04-12,48.0,89.9,1718.42,8562.0,-122.0,0.0,0.0,13366.0,1561.0838589114692,46.0,89.4,1703.75,7612.91,447.6099999999997,0.0,0.0,6056.0,795.4908175717302,40.0,86.0,1761.75,5847.31,-382.65999999999985,0.0,0.0,7320.0,1251.857691827524,44.0,85.2,1840.0500000000002,6122.6,3.2000000000007276,0.0,0.0,9692.21,1583.0219187926698,28144.82
1999-04-15,48.0,89.8,1718.42,8526.0,-36.0,0.0,0.0,13415.0,1573.4224724372507,68.0,91.2,1341.25,11872.38,4259.469999999999,0.0,0.0,10136.0,853.7462581217919,36.0,81.1,1916.8999999999999,3807.59,-2039.7200000000003,0.0,0.0,5400.31,1418.301340217828,44.0,85.3,1847.3000000000002,6088.41,-34.19000000000051,6.09,0.1,9802.46,1610.0196931546989,30294.379999999997
1999-04-18,48.0,89.7,1725.72,8277.2,-248.79999999999927,0.0,0.0,11380.0,1374.8610641279658,46.0,88.3,1751.6,6696.21,-5176.169999999999,0.0,0.0,4888.0,729.9651593961361,40.0,86.5,1741.4499999999998,5928.56,2120.9700000000003,0.0,0.0,8600.87,1450.7519532567774,36.0,83.2,1999.5500000000002,4366.21,-1722.1999999999998,0.0,0.0,7453.31,1707.0434083564464,25268.18
1999-04-19,48.0,89.7,1727.18,8267.0,-10.200000000000728,0.0,0.0,11367.0,1374.9848796419499,62.0,92.8,1470.3000000000002,11161.0,4464.79,0.0,0.0,9944.0,890.9595914344593,40.0,86.5,1738.5500000000002,5901.01,-27.550000000000182,0.0,0.0,8597.07,1456.881110182833,36.0,82.1,2006.8000000000002,4505.19,138.97999999999956,0.0,0.0,7540.32,1673.6963368914521,29834.2
1999-04-22,44.0,88.7,1825.0,6998.0,-1269.0,0.0,0.0,11476.0,1639.8971134609887,62.0,93.1,1448.5500000000002,10948.0,-213.0,0.0,0.0,9774.0,892.7658019729631,40.0,86.1,1745.8000000000002,5802.0,-99.01000000000022,0.0,0.0,8504.0,1465.701482247501,36.0,82.1,2009.6999999999998,4664.85,159.66000000000076,0.0,0.0,7902.88,1694.1337877959634,28412.85
1999-04-26,44.0,83.65705128205128,1842.52,7004.0,6.0,0.0,0.0,11467.4,1637.2644203312393,62.0,93.0,1435.5,10899.0,-49.0,0.0,0.0,9679.0,888.0631250573447,40.0,86.5,1735.65,5854.96,52.960000000000036,0.0,0.0,8664.93,1479.929837266181,36.0,82.5,2009.6999999999998,4685.03,20.17999999999938,0.0,0.0,7875.1,1680.9070592931103,28442.989999999998
1999-04-30,44.0,86.7,1851.28,7000.0,-4.0,0.0,0.0,11488.7,1641.2428571428572,62.0,93.0,1425.35,10806.0,-93.0,0.0,0.0,9699.0,897.5569128262076,40.0,83.13727810650887,1734.1999999999998,5859.94,4.979999999999563,0.0,0.0,8690.28,1482.9981194346701,36.0,81.5,2015.5,4673.7,-11.329999999999927,0.0,0.0,7881.68,1686.3897982326637,28339.64
1999-05-05,44.0,88.7,1852.74,6983.0,-17.0,0.0,0.0,11498.6,1646.656164972075,62.0,92.9,1416.65,10792.0,-14.0,0.0,0.0,9647.0,893.9028910303929,40.0,86.6,1731.3000000000002,5841.36,-18.579999999999927,0.0,0.0,8696.41,1488.76460276374,36.0,82.8,2022.75,4777.63,103.93000000000029,0.0,0.0,8177.42,1711.6059636263167,28393.99
1999-05-08,44.0,88.6,1855.66,6969.8,-13.199999999999818,0.0,0.0,11513.2,1651.8694941031306,64.0,93.2,1380.4,11165.0,373.0,0.0,0.0,10012.0,896.730855351545,40.0,86.5,1731.3000000000002,5830.86,-10.5,0.0,0.0,8707.06,1493.2720044727537,36.0,83.2,2022.75,4801.6,23.970000000000255,0.0,0.0,8432.0,1756.0813062312561,28767.260000000002
1999-05-11,44.0,88.7,1858.58,6937.4,-32.400000000000546,0.0,0.0,11466.2,1652.8094098653676,64.0,84.65,1374.6,11061.0,-104.0,24.0,0.22,9939.0,898.562516951451,32.0,83.4,1867.6000000000001,4218.32,-1612.54,2.11,0.05,6272.49,1486.9640046274346,36.0,83.3,2028.5500000000002,4784.0,-17.600000000000364,0.0,0.0,8399.6,1755.7692307692307,27000.72
1999-05-15,44.0,88.8,1857.12,6867.3,-70.09999999999945,0.0,0.0,11495.8,1673.99123381824,64.0,83.0,1370.25,11042.0,-19.0,11.0,0.1,9933.0,899.5652961420033,32.0,83.1,1877.75,4235.72,17.400000000000546,0.0,0.0,6284.94,1483.7949628398476,36.0,83.3,2043.0500000000002,4726.8,-57.19999999999982,0.0,0.0,8549.0,1808.6231700093085,26871.82
1999-05-18,44.0,88.8,1855.66,6998.8,131.5,0.0,0.0,12304.8,1758.1299651368806,64.0,93.2,1368.8000000000002,11028.0,-14.0,0.0,0.0,9880.0,895.9013420384476,32.0,83.1,1879.1999999999998,4386.82,151.09999999999945,0.0,0.0,6450.29,1470.379454821488,36.0,83.2,2048.8500000000004,4718.4,-8.400000000000546,0.0,0.0,8590.9,1820.7231264835539,27132.019999999997
1999-05-23,44.0,88.8,1852.74,7023.8,25.0,0.0,0.0,12551.9,1787.052592613685,64.0,93.3,1349.9499999999998,11257.0,229.0,57.0,0.5,10100.0,897.2195078617749,32.0,83.4,1882.1000000000001,4388.29,1.4700000000002547,0.0,0.0,6474.57,1475.4198104500842,36.0,82.8,2072.05,4539.4,-179.0,0.0,0.0,8443.6,1860.0696127241488,27208.489999999998
1999-05-26,44.0,83.65705128205128,1846.9,7024.0,0.1999999999998181,0.0,0.0,12664.3,1803.003986332574,64.0,93.3,1344.15,11127.0,-130.0,0.0,0.0,10058.0,903.9273838411073,32.0,83.4,1887.8999999999999,4387.66,-0.6300000000001091,0.0,0.0,6513.1,1484.413104023557,36.0,82.8,2076.3999999999996,4554.8,15.400000000000546,2.6,0.05705007240970728,8494.0,1864.8458768771404,27093.46
1999-05-30,44.0,88.8,1846.9,7053.0,29.0,0.0,0.0,12806.4,1815.7379838366653,64.0,84.65,1341.25,11115.0,-12.0,0.0,0.0,10033.0,902.6540710751237,32.0,83.4,1887.8999999999999,4472.6,84.94000000000051,0.0,0.0,6645.06,1485.7264231096005,36.0,82.8,2082.2,4532.0,-22.800000000000182,0.0,0.0,8512.2,1878.243601059135,27172.6
1999-06-04,44.0,88.9,1846.9,7005.0,-48.0,0.0,0.0,12848.3,1834.161313347609,64.0,93.3,1331.1,11242.0,127.0,0.0,0.0,10100.0,898.4166518413094,32.0,83.5,1896.6000000000001,4310.65,-161.95000000000073,0.0,0.0,6456.43,1497.7857167712527,36.0,82.5,2079.3,4694.4,162.39999999999964,0.0,0.0,9048.0,1927.4028629856853,27252.050000000003
1999-06-09,44.0,89.0,1839.6,7108.7,103.69999999999982,0.0,0.0,13039.1,1834.2453613178218,64.0,93.3,1326.75,10945.85,-296.14999999999964,0.0,0.0,9692.64,885.5082063064997,32.0,83.5,1900.9499999999998,4284.08,-26.56999999999971,0.0,0.0,6499.7,1517.1752161490915,28.0,79.6,2183.7,3591.0,-1103.3999999999996,0.0,0.0,7208.8,2007.4631021999444,25929.629999999997
1999-06-13,44.0,88.9,1852.74,6949.3,-159.39999999999964,0.0,0.0,12850.5,1849.1790540054394,64.0,93.3,1325.3000000000002,10911.3,-34.55000000000109,0.0,0.0,9717.0,890.5446647053972,32.0,83.4,1906.75,4263.0,-21.079999999999927,0.0,0.0,6472.04,1518.1890687309406,28.0,79.2,2190.95,3298.5,-292.5,0.0,0.0,6767.0,2051.5385781415794,25422.1
1999-06-16,44.0,88.7,1851.28,7082.6,133.30000000000018,0.0,0.0,13021.6,1838.5338717420157,64.0,93.3,1322.4,10996.3,85.0,0.0,0.0,9778.4,889.2445640806453,32.0,83.3,1906.75,4217.1,-45.899999999999636,0.0,0.0,6460.4,1531.9532380071612,28.0,79.0,2192.3999999999996,3473.7,175.19999999999982,0.0,0.0,6683.4,1924.0003454529754,25769.7
1999-06-20,44.0,88.7,1843.98,7049.7,-32.900000000000546,0.0,0.0,13252.4,1879.8530433919175,64.0,93.3,1318.0500000000002,10885.371428571429,-110.92857142857065,0.0,0.0,9739.1,894.6961584091887,32.0,83.1,1912.5500000000002,4212.0,-5.100000000000364,0.0,0.0,6426.0,1525.6410256410256,28.0,78.9,2195.3,3515.0,41.30000000000018,0.0,0.0,6811.6,1937.8662873399714,25662.071428571428
1999-06-24,44.0,86.5,1843.98,8268.0,1218.3000000000002,0.0,0.0,13259.1,1603.6647314949203,64.0,93.3,1312.25,11067.2,181.8285714285721,0.0,0.0,9840.0,889.1137776492699,32.0,83.6,1902.3999999999999,4331.4,119.39999999999964,0.0,0.0,6656.2,1536.731772637023,,80.45066666666666,0.0,3515.0,0.0,0.0,0.0,6833.0,1943.954480796586,27181.6
1999-06-28,44.0,88.6,1843.98,6996.1,-1271.8999999999996,0.0,0.0,13365.1,1910.3643458498304,64.0,93.3,1322.4,10875.6,-191.60000000000036,0.0,0.0,9647.0,887.0315201000404,32.0,83.6,1899.5,4315.5,-15.899999999999636,0.0,0.0,6641.1,1538.8946819603755,28.0,80.45066666666666,2199.6499999999996,3553.0,38.0,17.9,0.5,7177.0,2019.9831128623698,25740.2
1999-07-02,38.0,86.6,1984.14,6566.2,-429.90000000000055,0.0,0.0,10949.7,1667.5855136913283,64.0,93.2,1319.5,10825.0,-50.600000000000364,0.0,0.0,9633.5,889.9307159353349,32.0,83.9,1898.0500000000002,4208.6,-106.89999999999964,0.0,0.0,6693.6,1590.4576343677231,28.0,79.5,2204.0,3634.3,81.30000000000018,0.0,0.0,7196.8,1980.2437883498885,25234.100000000002
1999-07-06,38.0,86.1,1984.14,5763.3,-802.8999999999996,0.0,0.0,11012.2,1910.7455797893567,64.0,93.3,1318.0500000000002,10768.4,-56.600000000000364,0.0,0.0,9628.0,894.0975446677315,32.0,83.9,1896.6000000000001,4310.0,101.39999999999964,0.0,0.0,6693.4,1552.9930394431553,28.0,80.45066666666666,2205.45,3748.0,113.69999999999982,0.0,0.0,7513.0,2004.5357524012807,24589.7
1999-07-09,32.0,83.0,2127.22,4164.7,-1598.6000000000004,0.0,0.0,8291.5,1990.8997046605998,74.0,93.8,1161.4499999999998,12434.6,1666.2000000000007,0.0,0.0,11028.8,886.9444935904653,32.0,83.8,1896.6000000000001,4356.3,46.30000000000018,0.0,0.0,6920.0,1588.5040056929045,28.0,80.0,2206.8999999999996,3815.4,67.40000000000009,0.0,0.0,7610.5,1994.6794569376736,24771.0
1999-07-11,32.0,82.6,2130.14,4326.6,161.90000000000055,0.0,0.0,8504.8,1965.7005500855173,74.0,93.8,1165.8000000000002,12168.4,-266.2000000000007,0.0,0.0,10895.1,895.3601130797805,32.0,83.9,1896.6000000000001,4344.7,-11.600000000000364,0.0,0.0,6891.4,1586.1624508021268,46.0,85.4,1887.8999999999999,6884.0,3068.6,0.0,0.0,14904.0,2165.0203370133645,27723.7
1999-07-19,32.0,83.0,2119.92,4494.0,167.39999999999964,0.0,0.0,8862.0,1971.96261682243,74.0,93.8,1160.0,12215.9,47.5,0.0,0.0,11434.0,935.9932546926547,50.0,88.4,1663.15,6628.8,2284.1000000000004,0.0,0.0,10919.5,1647.2815592565773,40.0,76.5,1750.15,6260.0,-624.0,32.0,0.5,6619.0,1057.3482428115017,29598.7
1999-07-23,32.0,82.0,2122.84,4811.0,317.0,0.0,0.0,9371.0,1947.827894408647,74.0,93.7,1165.8000000000002,12109.0,-106.89999999999964,0.0,0.0,11373.7,939.276571145429,50.0,86.3,1645.75,6582.4,-46.400000000000546,0.0,0.0,10776.6,1637.1840058337386,40.0,79.4,1750.15,6280.0,20.0,0.0,0.0,7067.0,1125.3184713375797,29782.4
1999-07-27,32.0,82.6,2118.46,4549.0,-262.0,0.0,0.0,8918.0,1960.4308639261376,74.0,93.6,1164.35,12168.6,59.600000000000364,0.0,0.0,11438.7,940.0177506040136,50.0,83.13727810650887,1637.0500000000002,6522.9,-59.5,0.0,0.0,10800.3,1655.7512762728236,40.0,82.0,1737.1,6369.9,89.89999999999964,0.0,0.0,8330.9,1307.8541264384057,29610.4
1999-07-29,32.0,82.8,2118.46,4593.0,44.0,0.0,0.0,9104.0,1982.1467450468103,85.0,93.6,951.1999999999999,12980.2,811.6000000000004,0.0,0.0,15321.2,1180.3516124558944,50.0,83.13727810650887,1634.15,6486.0,-36.899999999999636,0.0,0.0,10579.4,1631.113166820845,36.0,81.8,1824.1,6057.2,-312.6999999999998,0.0,0.0,9067.1,1496.9127649739153,30116.4
1999-08-09,32.0,83.0,2114.08,4598.0,5.0,0.0,0.0,9243.0,2010.2218355806872,74.0,93.5,1177.4,11647.2,-1333.0,0.0,0.0,11096.8,952.7440071433477,30.0,83.13727810650887,1877.75,3910.6,-2575.4,0.0,0.0,6232.0,1593.6173477215773,20.0,70.4,2070.6000000000004,3634.9,-2422.2999999999997,0.0,0.0,5006.4,1377.314369033536,23790.7
1999-08-13,32.0,72.0,2359.36,3045.6,-1552.4,0.0,0.0,6550.1,2150.6763856054636,74.0,93.4,1177.4,11718.2,71.0,0.0,0.0,11191.6,955.0613575463808,30.0,83.13727810650887,1898.0500000000002,3946.0,35.40000000000009,0.0,0.0,6265.9,1587.911809427268,20.0,78.2,2056.1000000000004,4625.9,990.9999999999995,0.0,0.0,7979.7,1725.0048639183728,23335.700000000004
1999-08-18,32.0,75.1,2295.12,3070.0,24.40000000000009,0.0,0.0,6146.4,2002.084690553746,74.0,93.5,1184.65,11773.4,55.19999999999891,0.0,0.0,11321.3,961.5998776903868,30.0,83.3,1896.6000000000001,4132.2,186.19999999999982,0.0,0.0,6557.0,1586.806059726054,20.0,78.8,2043.0500000000002,4828.4,202.5,0.0,0.0,8201.1,1698.512964957336,23804.0
1999-08-22,32.0,75.1,2295.12,2500.2,-569.8000000000002,0.0,0.0,4676.3,1870.3703703703704,74.0,84.65,1177.4,11763.0,-10.399999999999636,0.0,0.0,11444.0,972.8810677548245,30.0,83.7,1899.5,4121.6,-10.599999999999454,0.0,0.0,6651.4,1613.790760869565,32.0,80.3,2054.6499999999996,4948.6,120.20000000000073,0.0,0.0,10313.2,2084.064179768015,23333.4
1999-09-04,32.0,72.2,2300.96,2337.7,-162.5,0.0,0.0,4434.7,1897.0355477606195,74.0,93.4,1177.4,11838.2,75.20000000000073,0.0,0.0,11681.3,986.7462958895777,30.0,83.7,1895.1499999999999,4213.4,91.79999999999927,0.0,0.0,6779.1,1608.938149712821,27.0,77.4,2186.6000000000004,3738.6,-1210.0000000000005,0.0,0.0,8202.1,2193.8961108436315,22127.9
1999-09-10,32.0,69.8,2241.1,3162.0,824.3000000000002,0.0,0.0,6569.7,2077.703984819734,74.0,93.3,1181.75,11680.5,-157.70000000000073,0.0,0.0,11796.6,1009.9396429947349,30.0,84.3,1893.6999999999998,4367.7,154.30000000000018,0.0,0.0,7039.8,1611.7865237997116,32.0,69.8,2244.6000000000004,2530.5,-1208.1,0.0,0.0,5893.8,2329.1049199762892,21740.7
1999-09-17,36.0,80.2,2198.76,3553.1,391.0999999999999,17.9,0.5,7254.5,2041.7382004446822,74.0,93.1,1181.75,11519.4,-161.10000000000036,0.0,0.0,11907.2,1033.6649478271438,30.0,84.1,1895.1499999999999,4316.6,-51.099999999999454,0.0,0.0,6936.4,1606.9128480748736,15.0,77.2,2180.8,3439.4,908.9000000000001,70.2,2.0,7996.7,2325.0276210967027,22828.5
1999-09-25,36.0,80.7,2185.62,3596.7,43.59999999999991,0.0,0.0,7477.4,2078.9612700531043,64.0,84.65,1349.9499999999998,11408.0,-111.39999999999964,0.0,0.0,10163.0,890.8660589060308,32.0,83.9,1890.8000000000002,4234.5,-82.10000000000036,0.0,0.0,6924.8,1635.3288463809185,15.0,78.7,2186.6000000000004,3428.7,-10.700000000000273,17.2,0.5,6877.3,2005.8039490185786,22667.9
1999-09-30,25.0,83.65705128205128,2190.0,3916.0,319.3000000000002,0.0,0.0,8013.0,2046.220633299285,64.0,92.5,1341.25,11547.1,139.10000000000036,0.0,0.0,10553.4,913.9437607711027,32.0,83.6,1903.8500000000001,4120.7,-113.80000000000018,0.0,0.0,6890.8,1672.240153372,15.0,78.8,2179.3500000000004,3369.0,-59.69999999999982,0.0,0.0,8620.0,2558.622736717127,22952.8
1999-10-06,25.0,80.4,2192.92,3588.0,-328.0,0.0,0.0,7411.0,2065.496098104794,69.0,92.6,1273.1,12584.9,1037.7999999999993,0.0,0.0,11453.8,910.1224483309363,28.0,79.4,2012.6000000000001,3031.4,-1089.2999999999997,0.0,0.0,5267.7,1737.7119482747246,25.0,79.7,2141.6499999999996,3881.3,512.3000000000002,0.0,0.0,10026.1,2583.180892999768,23085.6
1999-10-11,25.0,80.2,2194.38,3680.0,92.0,0.0,0.0,6824.0,1854.3478260869565,69.0,92.6,1277.4499999999998,12397.7,-187.1999999999989,0.0,0.0,11684.8,942.4973987110512,28.0,80.3,2012.6000000000001,3218.2,186.79999999999973,0.0,0.0,5740.6,1783.7921819650737,25.0,81.0,2140.2,4131.0,249.69999999999982,63.0,1.5,9770.0,2365.044783345437,23426.9
1999-10-23,25.0,81.0,2172.48,4030.0,350.0,0.0,0.0,7156.0,1775.6823821339951,69.0,92.3,1297.75,10402.3,-1995.4000000000015,0.0,0.0,12331.4,1185.4493717735502,28.0,80.7,2012.6000000000001,3299.5,81.30000000000018,0.0,0.0,6268.6,1899.8636156993484,25.0,81.0,2137.3,4140.0,9.0,21.0,0.5,9946.0,2402.415458937198,21871.8
1999-10-27,25.0,83.65705128205128,2194.38,3525.0,-505.0,0.0,0.0,5865.0,1663.8297872340424,32.0,88.9,1605.15,6425.5,-3976.7999999999993,0.0,0.0,7267.0,1130.9625710061473,28.0,80.6,2018.3999999999999,3174.8,-124.69999999999982,0.0,0.0,6271.3,1975.3370291041954,25.0,79.7,2176.45,3772.0,-368.0,0.0,0.0,8899.0,2359.2258748674444,16897.3
1999-11-10,25.0,79.5,2190.0,3508.0,-17.0,0.0,0.0,5356.0,1526.7958950969214,32.0,88.8,1609.5,6489.0,63.5,0.0,0.0,7446.6,1147.5728155339805,28.0,80.4,2019.8500000000001,3306.0,131.19999999999982,0.0,0.0,6507.0,1968.2395644283122,25.0,79.1,2179.3500000000004,3672.0,-100.0,0.0,0.0,8448.0,2300.653594771242,16975.0
1999-12-11,25.0,79.8,2190.0,3493.0,-15.0,0.0,0.0,6274.0,1796.1637560835957,32.0,88.5,1624.0,6545.0,56.0,0.0,0.0,7839.0,1197.7081741787624,30.0,74.6,2167.75,2926.4,-379.5999999999999,0.0,0.0,6404.2,2188.422635319847,25.0,79.1,2175.0,3735.0,63.0,0.0,0.0,8981.0,2404.5515394912986,16699.4
1999-12-19,25.0,79.7,2188.54,3531.0,38.0,0.0,0.0,5972.0,1691.3055791560464,32.0,84.65,1612.4,6856.0,311.0,0.0,0.0,8778.0,1280.3383897316219,30.0,69.7,2167.75,1962.2,-964.2,0.0,0.0,3992.2,2034.5530526959535,25.0,80.45066666666666,2176.45,3833.0,98.0,19.0,0.5,9023.0,2354.030785285677,16182.2
1999-12-25,25.0,80.1,2181.24,3777.0,246.0,0.0,0.0,7809.25063583815,1612.3327780765057,32.0,89.0,1619.65,6802.0,-54.0,0.0,0.0,9015.0,1325.3454866215818,30.0,67.5,2169.2,1652.2,-310.0,0.0,0.0,3302.8,1999.0315942379857,25.0,79.7,2173.55,3781.0,-52.0,0.0,0.0,9359.0,2475.2710923036234,16012.2
2000-01-06,14.0,78.8,2194.38,3385.0,-392.0,0.0,0.0,5934.0,1753.0280649926144,32.0,89.2,1619.65,6929.0,127.0,0.0,0.0,9684.8,1397.7197286765768,30.0,67.4,2180.8,1174.8,-477.4000000000001,0.0,0.0,3187.6,2713.31290432414,25.0,80.45066666666666,2175.0,3767.0,-14.0,0.0,0.0,9748.0,2587.735598619591,15255.8
2000-01-11,14.0,78.7,2192.92,3215.0,-170.0,0.0,0.0,5280.0,1642.3017107309486,24.0,82.9,1760.3000000000002,4183.2,-2745.8,0.0,0.0,4723.2,1129.0877796901893,30.0,67.5,2180.8,1212.1,37.299999999999955,0.0,0.0,3212.1,2650.0288755053216,25.0,80.0,2176.45,3722.0,-45.0,0.0,0.0,9870.0,2651.800107469103,12332.3
2000-01-23,20.0,83.7,2090.72,4931.0,1716.0,0.0,0.0,8824.0,1789.4950314337862,24.0,83.0,1761.75,4129.6,-53.599999999999454,0.0,0.0,5247.4,1270.6799690042617,30.0,73.4,2163.3999999999996,1692.7,480.60000000000014,0.0,0.0,4557.4,2692.3849471258936,25.0,79.8,2180.8,3743.0,21.0,0.0,0.0,9739.0,2601.923590702645,14496.300000000001
2000-01-31,14.0,83.65705128205128,2197.3,2614.0,-2317.0,0.0,0.0,4306.0,1647.2838561591432,24.0,83.0,1767.5500000000002,4132.4,2.7999999999992724,0.0,0.0,5322.0,1287.8714548446424,30.0,79.1,2098.1499999999996,2796.9,1104.2,0.0,0.0,6789.0,2427.3302585004826,5.0,68.3,2328.7,1681.0,-2062.0,103.2,5.79,4405.0,2620.464009518144,11224.3
2000-02-10,14.0,76.9,2191.46,2946.0,332.0,0.0,0.0,4896.0,1661.9144602851325,24.0,82.8,1773.35,4114.7,-17.699999999999818,0.0,0.0,5391.9,1310.399300070479,25.0,66.4,2153.25,1071.8,-1725.1000000000001,0.0,0.0,2082.4,1942.8997947378243,25.0,82.3,2186.6000000000004,3928.7,2247.7,100.7,2.5,9958.8,2534.884312877033,12061.2
2000-02-20,18.0,80.9,2134.52,3873.0,927.0,0.0,0.0,6419.0,1657.3715466046992,24.0,83.8,1770.4499999999998,4483.6,368.90000000000055,0.0,0.0,6055.1,1350.4995985368898,34.0,77.6,2089.45,2529.5,1457.7,0.0,0.0,5904.1,2334.0976477564736,22.0,82.5,2160.5,3896.6,-32.09999999999991,79.5,2.0,11017.6,2827.490632859416,14782.7
2000-02-26,30.0,85.0,2042.54,5543.0,1670.0,0.0,0.0,8419.0,1518.8526068915749,24.0,83.7,1774.8000000000002,4455.2,-28.400000000000546,0.0,0.0,6108.9,1371.184234153349,34.0,78.5,2076.3999999999996,2478.1,-51.40000000000009,0.0,0.0,6047.2,2440.25664823857,25.0,83.0,2150.3500000000004,3809.7,-86.90000000000009,97.7,2.5,11193.7,2938.210357770953,16286.0
2000-03-05,30.0,84.6,2042.54,5543.0,0.0,0.0,0.0,8419.0,1518.8526068915749,24.0,83.7,1782.0500000000002,4425.9,-29.300000000000182,0.0,0.0,6196.0,1399.941254886012,34.0,79.2,2072.05,2631.0,152.9000000000001,0.0,0.0,6074.0,2308.6278981375904,23.0,83.3,2138.75,3763.2,-46.5,151.6,3.0,11272.9,2995.5622874149662,16363.099999999999
2000-03-17,30.0,84.4,2033.78,5426.0,-117.0,0.0,0.0,8140.0,1500.1842978252857,24.0,83.9,1786.4,4335.3,-90.59999999999945,0.0,0.0,6290.0,1450.879985237469,34.0,77.3,2076.3999999999996,2527.0,-104.0,0.0,0.0,5181.0,2050.2572220023744,23.0,83.1,2137.3,3818.7,55.5,153.4,2.6,11347.1,2971.4562547463797,16107.0
2000-04-06,30.0,84.7,2029.4,5380.0,-46.0,0.0,0.0,9053.0,1682.7137546468402,30.0,84.2,1783.5,4508.0,172.69999999999982,0.0,0.0,6546.0,1452.0851818988465,32.0,74.9,2074.95,2191.0,-336.0,0.0,0.0,3942.0,1799.1784573254222,23.0,83.0,2130.05,3614.5,-204.19999999999982,272.6,7.01,10949.2,3029.243325494536,15693.5
2000-04-13,30.0,84.4,2026.48,5136.1,-243.89999999999964,0.0,0.0,8995.7,1751.4651194486087,30.0,84.4,1779.15,4472.7,-35.30000000000018,0.0,0.0,6486.6,1450.264940639882,32.0,83.13727810650887,2073.5,2193.0,2.0,0.0,0.0,3797.0,1731.4181486548107,,81.3,2204.0,3012.3,-602.1999999999998,248.8,7.03,9136.9,3033.197224712014,14814.099999999999
2000-04-16,30.0,84.2,2030.86,5020.2,-115.90000000000055,0.0,0.0,6203.3,1235.667901677224,30.0,84.5,1784.9499999999998,4504.7,32.0,0.0,0.0,6631.0,1472.0181144138346,32.0,75.0,2067.7,2213.0,20.0,0.0,0.0,4041.0,1826.02801626751,,81.3,2204.0,3020.5,8.199999999999818,248.4,7.6,9101.1,3013.1104121834132,14758.4
2000-04-29,30.0,84.4,2029.4,4982.7,-37.5,0.0,0.0,9258.3,1858.0889878981277,30.0,86.1,1766.1,4483.5,-21.199999999999818,0.0,0.0,7912.2,1764.7373703579792,32.0,74.0,2209.8,2287.0,74.0,0.0,0.0,3962.0,1732.4005247048535,,78.1,2269.25,2369.7,-650.8000000000002,195.0,7.0,7044.3,2972.65476642613,14122.900000000001
2000-05-05,30.0,84.6,2022.1,5080.7,98.0,11.7,0.23,9463.5,1862.6370382033972,30.0,86.1,1774.8000000000002,4773.4,289.89999999999964,0.0,0.0,8050.9,1686.6175053421043,18.0,60.1,2060.45,882.0,-1405.0,0.0,0.0,1439.0,1631.5192743764173,,77.9,2269.25,2394.4,24.700000000000273,237.8,9.03,7010.9,2928.0404276645504,13130.499999999998
2000-05-13,30.0,84.8,2011.88,5171.0,90.30000000000018,0.0,0.0,9845.6,1904.0030941790756,30.0,86.4,1779.15,5239.1,465.7000000000007,0.0,0.0,8552.2,1632.37960718444,32.0,83.13727810650887,1943.0,2962.0,2080.0,0.0,0.0,5523.0,1864.6185010128293,,78.6,2247.5,2649.2,254.79999999999973,124.8,4.5,7189.1,2713.687150837989,16021.3
2000-05-22,,81.8,2128.6800000000003,3878.9,-1292.1,0.0,0.0,7451.6,1921.0600943566474,27.0,83.8,1847.3000000000002,3825.4,-1413.7000000000003,0.0,0.0,6636.8,1734.9296805562817,32.0,66.1,1935.75,1463.0,-1499.0,0.0,0.0,1778.0,1215.311004784689,,79.6,2248.95,2873.5,224.30000000000018,135.4,4.5,7909.9,2752.7057595267097,12040.8
2000-05-24,,82.1,2128.6800000000003,3890.3,11.400000000000091,0.0,0.0,7240.7,1861.2189291314294,16.0,80.9,1870.5,2828.7,-996.7000000000003,0.0,0.0,4925.8,1741.36529147665,32.0,70.7,1892.25,1929.0,466.0,0.0,0.0,2214.0,1147.7449455676517,,79.5,2247.5,2685.5,-188.0,181.2,6.38,7911.0,2945.820145224353,11333.5
2000-06-02,,82.4,2124.2999999999997,4021.3,131.0,0.0,0.0,7650.9,1902.5936886081615,16.0,79.4,1867.6000000000001,2610.0,-218.69999999999982,0.0,0.0,4305.0,1649.4252873563219,32.0,77.9,1818.3000000000002,3023.0,1094.0,0.0,0.0,3549.0,1173.9993384055574,,78.3,2260.55,2348.2,-337.3000000000002,193.1,7.6,6835.9,2911.1234136785624,12002.5
2000-06-11,,80.1,2184.16,3286.3,-735.0,0.0,0.0,6558.4,1995.6790311292334,16.0,76.9,1860.3500000000001,2188.7,-421.3000000000002,0.0,0.0,3370.3,1539.8638461187006,36.0,71.1,1824.1,2292.0,-731.0,0.0,0.0,2460.0,1073.2984293193717,,78.5,2260.55,2324.3,-23.899999999999636,230.7,9.03,6850.8,2947.4680548982487,10091.3
2000-07-13,,80.3,2181.2400000000002,3388.5,102.19999999999982,0.0,0.0,6689.1,1974.059318282426,27.0,85.7,1858.8999999999999,4726.0,2537.3,0.0,0.0,7690.0,1627.1688531527718,36.0,71.7,1805.25,1911.0,-381.0,0.0,0.0,2391.0,1251.177394034537,,78.4,2259.1000000000004,2375.0,50.69999999999982,210.9,8.16,6828.9,2875.3263157894735,12400.5
2000-07-28,,80.3,2184.16,3479.8,91.30000000000018,0.0,0.0,7042.5,2023.823208230358,27.0,86.3,1858.8999999999999,4456.0,-270.0,0.0,0.0,8364.0,1877.019748653501,36.0,78.4,1750.15,3011.0,1100.0,0.0,0.0,3551.0,1179.3424111590834,,78.5,2251.8500000000004,2647.4,272.4000000000001,119.0,4.32,7282.1,2750.661025912216,13594.199999999999
2000-08-11,,80.1,2187.08,3332.0,-147.80000000000018,0.0,0.0,8835.0,2651.5606242496997,27.0,86.6,1866.1499999999999,4178.0,-278.0,0.0,0.0,8845.0,2117.0416467209193,36.0,79.7,1758.85,3336.0,325.0,0.0,0.0,3865.0,1158.5731414868105,,79.8,2247.5,2587.7,-59.70000000000027,165.2,6.0,7150.9,2763.4192526181555,13433.7
2000-08-16,,80.5,2167.75,3369.1,37.09999999999991,0.0,0.0,6775.8,2011.1602505120063,27.0,84.65,1870.5,4181.0,3.0,0.0,0.0,8728.0,2087.538866299928,36.0,80.3,1766.1,3467.2,131.19999999999982,0.0,0.0,3667.2,1057.683433317951,,79.7,2248.95,2563.6,-24.09999999999991,163.6,6.0,6927.6,2702.293649555313,13580.9
2000-08-22,,80.0,2172.1000000000004,3223.2,-145.9000000000001,0.0,0.0,6546.9,2031.180193596426,27.0,86.6,1876.3000000000002,5097.0,916.0,0.0,0.0,8882.0,1742.5936825583676,34.0,82.5,1751.6,3842.9,375.7000000000003,0.0,0.0,4720.4,1228.343178328866,,79.7,2244.6000000000004,2605.1,41.5,58.6,2.2,6854.9,2631.3385282714676,14768.2
2000-09-24,,80.4,2166.3,3292.1,68.90000000000009,0.0,0.0,6638.6,2016.5244069135204,20.0,79.1,1776.25,5351.0,254.0,0.0,0.0,5972.0,1116.0530741917398,34.0,82.6,1742.9,3816.8,-26.09999999999991,0.0,0.0,4606.9,1207.0058687906098,,79.9,2244.6000000000004,2547.3,-57.79999999999973,155.8,5.6,6982.9,2741.2947041966,15007.2
2000-09-30,,83.9,2076.3999999999996,4542.7,1250.6,0.0,0.0,9230.1,2031.8533031016798,20.0,81.1,1890.8000000000002,3922.0,-1429.0,0.0,0.0,5451.0,1389.8521162672107,34.0,82.4,1735.65,3717.6,-99.20000000000027,0.0,0.0,4434.8,1192.920163546374,,79.5,2237.3500000000004,2520.5,-26.800000000000182,148.4,5.56,6980.1,2769.3314818488393,14702.800000000001
2000-10-09,,80.5,2175.0,3217.5,-1325.1999999999998,0.0,0.0,6287.2,1954.063714063714,10.0,81.2,1934.3000000000002,3590.0,-332.0,0.0,0.0,5423.0,1510.5849582172702,34.0,81.4,1742.9,3448.5,-269.0999999999999,17.3,0.5,3959.5,1148.1803682760622,,79.7,2234.45,2426.7,-93.80000000000018,206.1,7.83,7072.0,2914.2456834384147,12682.7
2000-10-25,,80.6,2185.1499999999996,2996.9,-220.5999999999999,0.0,0.0,6325.7,2110.747772698455,10.0,78.6,1956.0500000000002,2962.0,-628.0,0.0,0.0,4244.0,1432.8156650911546,34.0,81.6,1731.3000000000002,3450.0,1.5,25.2,0.72,3458.8,1002.5507246376811,,77.3,2244.6000000000004,2125.7,-301.0,178.2,7.74,6048.5,2845.415627793198,11534.599999999999
2000-11-13,,80.6,2185.1499999999996,3134.2,137.29999999999973,0.0,0.0,6526.3,2082.285750749793,10.0,83.2,1958.9499999999998,3291.0,329.0,0.0,0.0,6442.0,1957.4597386812518,,89.0,1460.15,6467.7,3017.7,65.3,1.0,7801.7,1206.2557014085378,,77.0,2241.7,2124.9,-0.7999999999997272,159.9,7.0,5664.7,2665.866629017836,15017.8
2000-11-15,,80.7,2183.7,3146.9,12.700000000000273,0.0,0.0,6351.4,2018.3037274778353,10.0,83.5,1958.9499999999998,3286.0,-5.0,0.0,0.0,6453.0,1963.7857577601947,,68.8,1451.4499999999998,6531.1,63.400000000000546,129.2,2.0,8967.5,1373.04588813523,,77.0,2237.3500000000004,2125.3,0.40000000000009095,160.0,7.0,5590.8,2630.5933280007525,15089.3
2000-11-27,,81.9,2167.75,3418.1,271.1999999999998,3.4,0.1,6955.1,2034.7854070975104,10.0,84.65,1956.0500000000002,3396.0,110.0,0.0,0.0,6645.0,1956.713780918728,,88.5,1432.6,6239.9,-291.2000000000007,23.5,0.38,9310.7,1492.1232712062695,,77.1,2234.45,2058.6,-66.70000000000027,154.9,7.0,5393.0,2619.7415719420965,15112.6
2000-12-27,,81.7,2163.3999999999996,3368.9,-49.19999999999982,3.4,0.1,6885.9,2043.9609368042982,10.0,84.3,1970.5500000000002,4327.0,931.0,0.0,0.0,5875.0,1357.75363993529,,88.2,1447.1,5929.6,-310.2999999999993,8.9,0.15,9403.4,1585.8405288720992,,77.3,2231.55,2083.4,24.800000000000182,156.8,7.0,5549.7,2663.7707593357013,15708.9
2001-01-11,,81.6,2156.1499999999996,3326.1,-42.80000000000018,3.3,0.1,6861.7,2062.9866810979825,10.0,84.4,1967.6499999999999,4229.0,-98.0,0.0,0.0,7270.0,1719.082525419721,,87.1,1452.9,5682.3,-247.30000000000018,5.7,0.1,8796.6,1548.0703236365555,,77.9,2221.3999999999996,2179.7,96.29999999999973,151.5,6.5,5722.9,2625.5447997430842,15417.100000000002
2001-01-18,,83.65705128205128,2183.7,2463.8,-862.2999999999997,0.0,0.0,4840.9,1964.8104553941066,10.0,84.8,1973.4499999999998,4277.0,48.0,0.0,0.0,5669.0,1325.4617722702828,,87.4,1444.1999999999998,5558.4,-123.90000000000055,8.3,0.15,7906.1,1422.369746689695,,77.4,2222.8500000000004,2129.7,-50.0,155.4,6.8,5732.6,2691.740620744706,14428.900000000001
2001-02-11,,79.1,2169.2,2784.5,320.6999999999998,0.0,0.0,4799.6,1723.6846830669779,10.0,84.9,1972.0,4615.0,338.0,0.0,0.0,7369.0,1596.7497291440955,,87.3,1445.65,5123.7,-434.6999999999998,7.7,0.15,8036.7,1568.5344575209322,,77.3,2214.1499999999996,2139.3,9.600000000000364,156.1,6.8,4894.5,2287.897910531482,14662.5
2001-02-13,,78.0,2159.05,2526.0,-258.5,0.0,0.0,3932.1,1556.6508313539193,10.0,85.2,1974.8999999999999,4590.0,-25.0,0.0,0.0,7296.0,1589.5424836601308,,87.1,1451.4499999999998,5322.5,198.80000000000018,13.3,0.25,7870.0,1478.6284640676374,,77.0,2206.8999999999996,2075.2,-64.10000000000036,175.6,7.8,5599.6,2698.34232845027,14513.7
2001-02-26,,78.0,2156.1499999999996,2561.0,35.0,0.0,0.0,4235.7,1653.9242483404919,10.0,85.3,1985.0500000000002,4611.0,21.0,0.0,0.0,6244.0,1354.1531121231837,,87.6,1415.1999999999998,5712.2,389.6999999999998,14.3,0.25,8471.2,1483.0012954728477,,74.0,2199.6499999999996,1831.1,-244.0999999999999,137.8,7.0,4687.3,2559.8274261372944,14715.300000000001
2001-02-27,,79.1,2146.0,2754.8,193.80000000000018,1.7,0.06,4617.0,1675.9837374764047,10.0,85.5,1986.5,4613.0,2.0,0.0,0.0,6140.0,1331.021027530891,,88.4,1310.8000000000002,6322.8,610.6000000000004,0.0,0.0,9772.9,1545.6601505662047,,73.5,2199.6499999999996,1789.1,-42.0,155.6,8.0,4569.8,2554.2451511933377,15479.7
2001-03-13,,83.0,2116.0,3681.0,926.1999999999998,2.2,0.06,4895.0,1329.8016843249118,10.0,86.0,1986.5,4788.5,175.5,0.0,0.0,9075.8,1895.3325676098987,,88.2,1325.3000000000002,6112.0,-210.80000000000018,1.2,0.02,10275.0,1681.119109947644,,73.5,2193.8500000000004,1778.7,-10.399999999999864,144.2,7.5,4506.7,2533.704390847248,16360.2
2001-03-20,,83.8,2091.0,3675.2,-5.800000000000182,2.2,0.06,6163.7,1677.1060078363082,10.0,86.0,1990.8500000000001,4741.7,-46.80000000000018,0.0,0.0,9146.5,1928.9495328679589,,87.8,1342.6999999999998,5821.9,-290.10000000000036,2.0,0.05,10740.8,1844.895996152459,,73.7,2193.8500000000004,1858.4,79.70000000000005,183.8,9.0,4459.7,2399.7524752475247,16097.199999999999
2001-03-22,,84.0,2074.0,3872.3,197.10000000000036,2.3,0.06,6096.3,1574.3356661415696,10.0,82.2,1992.3000000000002,4767.9,26.199999999999818,0.0,0.0,9101.2,1908.8487594119006,,87.6,1338.35,5494.3,-327.59999999999945,2.7,0.05,10761.4,1958.6480534371985,,73.8,2185.1499999999996,1732.0,-126.40000000000009,171.3,9.0,4404.6,2543.0715935334874,15866.5
2001-04-23,,84.0,2096.0,3737.7,-134.60000000000036,0.0,0.0,6007.9,1607.3788693581614,5.0,81.0,2043.0500000000002,3272.1,-1495.7999999999997,0.0,0.0,5714.3,1746.3708321872805,,87.4,1334.0,5430.0,-64.30000000000018,3.8,0.07,10602.7,1952.6151012891344,,74.0,2179.3500000000004,1697.4,-34.59999999999991,167.9,9.0,4384.4,2583.0093083539527,14137.199999999999
2001-05-08,,83.0,2067.7,3809.7,72.0,0.0,0.0,6102.1,1601.727170118382,5.0,81.0,2031.4499999999998,3303.4,31.300000000000182,0.0,0.0,5230.3,1583.3081067990554,,86.9,1336.9,5214.0,-216.0,11.8,0.23,11204.6,2148.9451476793247,,73.5,2172.1000000000004,1344.0,-353.4000000000001,166.1,11.0,4052.1,3014.9553571428573,13671.1
2001-06-03,,83.0,2060.45,3826.6,16.90000000000009,1.1,0.03,6039.0,1578.1633826373281,5.0,80.6,2028.5500000000002,3180.8,-122.59999999999991,0.0,0.0,5212.6,1638.770120724346,,86.9,1329.65,5249.3,35.30000000000018,4.1,0.08,11084.1,2111.538681347989,,73.6,2169.2,1377.7,33.700000000000045,170.3,11.0,4050.2,2939.8272483124047,13634.400000000001
2001-07-01,,82.4,2064.8,3475.3,-351.2999999999997,1.0,0.03,5335.9,1535.378240727419,25.0,81.4,2024.1999999999998,3246.1,65.29999999999973,0.0,0.0,5305.0,1634.268814885555,,86.6,1319.5,5098.0,-151.30000000000018,2.5,0.05,10147.9,1990.5649274225186,,77.5,2169.2,2153.0,775.3,213.0,9.0,5479.7,2545.1463074779376,13972.4
2001-08-01,,82.4,2061.8999999999996,3469.1,-6.200000000000273,0.9,0.03,5251.4,1513.7643769277336,25.0,82.5,2003.8999999999999,3557.6,311.5,0.0,0.0,5875.5,1651.5347425230493,,86.3,1336.9,4922.6,-175.39999999999964,2.5,0.05,8889.5,1805.854629667249,,76.0,2159.05,1884.0,-269.0,209.3,10.0,5071.5,2691.87898089172,13833.3
2001-10-03,,82.5,2059.0,3428.8,-40.29999999999973,0.9,0.0,5092.2,1485.12599160056,,76.9,1970.5500000000002,2595.0,-962.5999999999999,26.2,1.0,3552.8,1369.0944123314066,,86.3,1306.4499999999998,4980.8,58.19999999999982,2.5,0.05,8531.2,1712.8172181175714,,78.7,2138.75,2334.2,450.1999999999998,259.4,10.0,6627.9,2839.4739096906865,13338.8
2001-10-23,,82.5,2051.75,3375.9,-52.90000000000009,0.0,0.0,5009.9,1484.019076394443,,87.4,1914.0,5285.0,2690.0,0.0,0.0,9150.0,1731.3150425733206,,86.2,1309.35,4746.3,-234.5,11.9,0.25,6229.6,1312.5171185976444,,78.6,2119.8999999999996,2279.9,-54.29999999999973,239.3,9.5,6553.7,2874.5559015746303,15687.1
2001-10-30,,82.9,2054.6499999999996,2769.7,-606.2000000000003,0.7,0.03,5054.1,1824.7824674152437,,88.3,1879.1999999999998,5834.2,549.1999999999998,0.0,0.0,10590.1,1815.1760309896815,,86.4,1280.35,4878.0,131.69999999999982,2.4,0.05,6807.8,1395.6129561295613,,78.7,2103.95,2292.2,12.299999999999727,240.6,9.5,8709.7,3799.7120670098598,15774.099999999999
2001-11-25,,79.2,2056.1000000000004,2657.6,-112.09999999999991,0.0,0.0,3538.2,1331.351595424443,,87.7,1885.0,5539.2,-295.0,0.0,0.0,10692.5,1930.33290005777,,85.8,1303.5500000000002,4718.6,-159.39999999999964,2.4,0.05,6530.9,1384.0757851905225,,79.4,2047.3999999999999,2291.1,-1.099999999999909,342.3,13.0,6093.4,2659.5958273318493,15206.5
2001-12-15,,80.7,2059.0,2690.0,32.40000000000009,0.0,0.0,4126.0,1533.828996282528,,81.4,1987.9499999999998,3385.0,-2154.2,0.0,0.0,5520.6,1630.901033973412,,86.0,1290.5,4661.0,-57.600000000000364,2.3,0.05,6446.0,1382.9650289637416,,79.0,2044.5,2221.6,-69.5,332.0,12.5,5838.5,2628.0608570399713,12957.6
2002-01-13,,81.0,2063.3500000000004,3096.1,406.0999999999999,3.1,0.1,4788.2,1546.5262749911178,,78.4,1963.3000000000002,2996.2,-388.8000000000002,0.0,0.0,4526.8,1510.8470729590815,,86.1,1268.75,4714.6,53.600000000000364,2.4,0.05,6464.8,1371.2297968014252,,80.0,2030.0,2333.1,111.5,318.1,12.0,6169.8,2644.4644464446446,13140.0
2002-02-17,,80.6,2060.45,3052.1,-44.0,3.1,0.1,5004.9,1639.8217620654632,,77.6,1958.9499999999998,2923.4,-72.79999999999973,2.9,0.1,3919.1,1340.5965656427447,,85.4,1296.3000000000002,4283.5,-431.10000000000036,2.1,0.05,5724.8,1336.4771798762695,,79.3,2030.0,2339.7,6.599999999999909,319.1,12.0,6298.6,2692.054536906441,12598.7
2002-03-13,,79.1,2061.8999999999996,2784.4,-267.6999999999998,2.0,0.07,4769.9,1713.0800172389024,,77.8,1958.9499999999998,3908.0,984.5999999999999,3.9,0.1,5210.0,1333.162743091095,,85.5,1299.1999999999998,4354.5,71.0,21.9,0.5,5799.9,1331.9324836376163,,79.7,2015.5,2284.0,-55.69999999999982,341.3,13.0,5888.3,2578.0647985989494,13330.9
2002-03-22,,84.3,1996.6499999999999,4023.9,1239.5,0.8,0.02,8716.5,2166.1820621784836,,82.5,1970.5500000000002,3702.0,-206.0,3.7,0.1,6197.2,1674.0140464613721,,85.4,1305.0,4340.6,-13.899999999999636,41.6,0.95,5823.1,1341.5426438741188,,80.0,2008.25,2185.4,-98.59999999999991,326.6,13.0,5960.0,2727.1895305207286,14251.9
2002-03-25,,84.0,2022.75,2895.4,-1128.5,0.0,0.0,5521.2,1906.8867859363127,,82.8,1973.4499999999998,3687.4,-14.599999999999909,1.8,0.05,6233.1,1690.3780441503498,,85.8,1286.15,4398.3,57.69999999999982,42.2,0.95,5884.8,1337.9714889843804,,79.4,2002.4499999999998,2269.6,84.19999999999982,369.5,14.0,5789.4,2550.845964046528,13250.7
2002-04-11,,83.9,2028.5500000000002,3814.8,919.4000000000001,0.0,0.0,5919.6,1551.7458320226485,,84.1,1967.6499999999999,4078.6,391.1999999999998,2.6,0.06,7230.5,1772.7896827342715,,85.7,1277.4499999999998,4556.3,158.0,41.4,0.9,5802.6,1273.533349428264,,80.9,1967.6499999999999,2697.4,427.8000000000002,403.1,13.0,6786.5,2515.941276785052,15147.1
2002-05-02,,83.6,2041.6000000000001,3695.0,-119.80000000000018,0.0,0.0,5484.1,1484.1948579161028,,85.0,1943.0,4271.6,193.00000000000045,4.3,0.1,7996.9,1872.1088116864873,,85.8,1265.85,4510.1,-46.19999999999982,59.4,1.3,5612.1,1244.3404802554267,,79.3,1982.1499999999999,2338.7,-358.7000000000003,349.5,13.0,5977.2,2555.778851498696,14815.400000000001
2002-06-02,,83.7,2044.5,3709.4,14.400000000000091,0.0,0.0,5559.1,1498.6520731115545,,82.9,1957.5,3545.6,-726.0000000000005,0.0,0.0,6277.5,1770.5042870036102,,85.8,1264.4,4481.4,-28.700000000000728,49.8,1.1,5524.1,1232.6728254563307,,80.6,1970.5500000000002,2310.3,-28.399999999999636,376.1,14.0,6713.5,2905.899666709951,14046.7
2002-07-02,,83.8,2044.5,3728.9,19.5,0.0,0.0,5578.2,1495.9371396390356,,83.0,1928.5,3856.0,310.4000000000001,0.0,0.0,6352.7,1647.484439834025,,86.2,1255.6999999999998,4434.1,-47.29999999999927,99.7,2.2,5460.3,1231.433661847951,,81.3,1954.6000000000001,2531.0,220.69999999999982,412.0,14.0,6670.0,2635.3220071118135,14550.0
2002-08-02,,84.0,2034.3500000000001,3747.1,18.199999999999818,0.0,0.0,5396.4,1440.1537188759307,,84.2,1960.3999999999999,3894.7,38.69999999999982,0.0,0.0,7190.8,1846.3039515238659,,86.3,1254.25,4189.1,-245.0,68.1,1.6,5543.6,1323.3391420591533,,81.1,1950.25,2565.4,34.40000000000009,383.3,13.0,6626.2,2582.9110470102128,14396.3
2002-09-01,,83.8,2032.8999999999999,3661.9,-85.19999999999982,0.0,0.0,5225.0,1426.8549113848003,,84.0,1980.6999999999998,3773.7,-121.0,0.0,0.0,7574.1,2007.0752842038319,,85.9,1296.3000000000002,4260.0,70.89999999999964,95.8,2.2,5652.1,1326.7840375586854,,82.3,1931.3999999999999,2746.0,180.5999999999999,410.1,13.0,7445.0,2711.2163146394755,14441.6
2002-10-01,,84.3,2076.3999999999996,3863.2,201.29999999999973,0.0,0.0,5546.0,1435.5974321805757,,83.8,1995.1999999999998,3693.7,-80.0,0.0,0.0,7675.6,2078.024744835802,,85.5,1309.35,4347.8,87.80000000000018,125.2,2.8,6022.1,1385.0913105478633,,80.7,1947.3500000000001,2505.0,-241.0,341.6,12.0,6528.9,2606.3473053892217,14409.7
2002-11-09,,84.0,2025.6499999999999,3864.1,0.900000000000091,0.0,0.0,5567.0,1440.6977045107528,,84.0,1992.3000000000002,3933.0,239.30000000000018,0.0,0.0,7625.905756097561,1342.127985785469,,86.2,1309.35,4394.4,46.599999999999454,135.9,3.0,6688.4,1522.0280356817768,,80.9,1941.5500000000002,2476.0,-29.0,370.0,13.0,6550.0,2645.395799676898,14667.5
2002-12-05,,85.0,1999.5500000000002,4278.0,413.9000000000001,0.0,0.0,6103.6,1426.7414679756896,,84.3,1986.5,3859.8,-73.19999999999982,0.0,0.0,8589.7,2225.4261878853827,,86.6,1231.0500000000002,4622.2,227.80000000000018,133.1,2.8,7302.0,1579.767210419281,,80.7,1927.0500000000002,2559.0,83.0,382.0,13.0,6970.0,2723.7202032043765,15319.0
2003-01-08,,82.6,2038.6999999999998,3240.9,-1037.1,0.0,0.0,4827.2,1489.4628035422259,,84.6,1987.9499999999998,3898.7,38.899999999999636,0.0,0.0,9045.0,2320.00410393208,,86.7,1280.35,4684.0,61.80000000000018,154.8,3.2,10089.5,2154.0350128095643,,80.8,1922.6999999999998,2532.0,-27.0,378.0,13.0,6763.0,2671.0110584518166,14355.6
2003-02-03,,84.7,2009.6999999999998,4041.1,800.1999999999998,0.0,0.0,5979.2,1479.5971393927396,,84.6,1992.3000000000002,3885.4,-13.299999999999727,1.0,0.0,9369.7,2411.514901940598,,86.4,1236.85,3665.8,-1018.1999999999998,113.4,3.0,7176.4,1957.6627202793386,,81.1,1899.5,2648.5,116.5,396.0,13.0,7059.0,2665.282235227487,14240.8
2003-03-06,,84.7,2022.75,4057.0,15.900000000000091,0.0,0.0,5843.2,1440.2760660586641,,84.8,1976.3500000000001,4005.2,119.79999999999973,1.0,0.03,8990.1,2244.6070108858485,,86.3,1239.75,4371.1,705.3000000000002,182.1,4.0,7049.2,1612.6833062615817,,81.0,1890.8000000000002,2666.0,17.5,434.0,14.0,7200.0,2700.675168792198,15099.3
2003-04-05,,85.0,2025.6499999999999,4112.0,55.0,0.0,0.0,5922.0,1440.1750972762645,,83.7,1986.5,3686.5,-318.6999999999998,0.0,0.0,7675.0,2081.920520819205,,86.2,1225.25,4370.8,-0.3000000000001819,158.5,3.5,7114.2,1627.6654159421616,,82.1,1863.25,2796.5,130.5,455.0,14.0,8102.0,2897.1929197210798,14965.8
2003-05-09,,85.5,2025.6499999999999,4244.9,132.89999999999964,0.0,0.0,6345.0,1494.734858300549,,84.0,1964.75,3807.3,120.80000000000018,0.0,0.0,7509.0,1972.2638089985028,,86.2,1204.9499999999998,4466.2,95.39999999999964,22.4,0.5,6963.2,1559.088262952846,,81.6,1858.8999999999999,2576.0,-220.5,419.0,14.0,6968.0,2704.968944099379,15094.4
2003-06-12,,85.2,2038.6999999999998,4114.0,-130.89999999999964,0.0,0.0,6421.0,1560.7681088964512,,83.2,1977.8000000000002,3546.6,-260.7000000000003,0.0,0.0,6583.6,1856.3130885918908,,86.2,1183.1999999999998,4321.0,-145.19999999999982,275.8,6.0,6691.3,1548.5535755612127,,82.0,1845.85,2567.0,-9.0,453.0,15.0,6955.0,2709.3883911180365,14548.6
2003-07-16,,85.0,2037.25,4059.0,-55.0,0.0,0.0,5854.8,1442.4242424242425,,83.4,1979.25,3635.5,88.90000000000009,0.0,0.0,6314.5,1736.9000137532664,,86.1,1162.9,4274.7,-46.30000000000018,272.9,6.0,6223.2,1455.821461155169,,82.3,1828.4499999999998,2595.0,28.0,494.0,16.0,7165.0,2761.078998073218,14564.2
2003-08-20,,85.3,2032.8999999999999,4152.0,93.0,0.0,0.0,6671.0,1606.6955684007708,,83.1,1987.9499999999998,3372.2,-263.3000000000002,0.0,0.0,5891.6,1747.1087124132614,,84.6,1212.1999999999998,3636.9,-637.7999999999997,273.7,7.0,5004.6,1376.0620308504494,,83.1,1819.75,2854.0,259.0,504.0,15.0,7720.0,2704.975473020322,14015.1
2003-09-18,,84.0,2022.75,3584.0,-568.0,0.0,0.0,5920.0,1651.7857142857142,,83.6,1983.6000000000001,3609.5,237.30000000000018,0.0,0.0,5892.2,1632.4144618368196,,84.4,1220.9,3708.5,71.59999999999991,279.1,7.0,4950.9,1335.0141566671161,,84.0,1782.0500000000002,3156.0,302.0,557.0,15.0,8490.0,2690.114068441065,14058.0
2003-10-30,,84.4,2018.3999999999999,4329.8,745.8000000000002,0.0,0.0,7088.7,1637.1887847013718,,84.0,1980.6999999999998,3720.8,111.30000000000018,0.0,0.0,6058.5,1628.2788647602665,,85.5,1175.9499999999998,4030.4,321.9000000000001,280.2,6.5,5377.6,1334.259626836046,,84.8,1737.1,3290.9,134.9000000000001,581.0,15.0,9383.0,2851.195721535142,15371.9
2003-12-30,,85.7,1999.5500000000002,3890.0,-439.8000000000002,0.0,0.0,7143.0,1836.2467866323907,,83.6,1990.8500000000001,3743.2,22.399999999999636,0.0,0.0,6111.4,1632.667236589015,,85.5,1175.9499999999998,4031.5,1.099999999999909,280.3,6.5,5377.6,1333.8955723676052,,85.0,1706.65,3377.0,86.09999999999991,643.0,16.0,9935.0,2941.960319810483,15041.7
2004-03-02,,85.5,2014.0500000000002,4199.0,309.0,1.1,0.0,6708.0,1597.5232198142414,,83.0,1977.8000000000002,3819.2,76.0,0.0,0.0,5911.8,1547.9157938835358,,85.5,1177.4,3955.7,-75.80000000000018,297.7,7.0,5404.4,1366.231008418232,,85.0,1666.0500000000002,3455.9,78.90000000000009,708.0,17.0,10410.8,3012.471425677826,15429.8
2004-03-31,,85.4,1995.1999999999998,4275.0,76.0,1.1,0.03,7342.9,1717.6374269005848,,83.0,1970.5500000000002,3861.4,42.20000000000027,0.0,0.0,5832.0,1510.3330398301134,,85.1,1186.1,3813.7,-142.0,287.1,7.0,5088.3,1334.2161155832919,,84.6,1655.9,3489.0,33.09999999999991,664.56,16.0,10203.5,2924.4769274863856,15439.099999999999
2004-04-30,,85.2,1992.3000000000002,4208.8,-66.19999999999982,1.1,0.03,6273.0,1490.448583919407,,84.6,1963.3000000000002,4101.1,239.70000000000027,0.0,0.0,5893.5,1437.0534734583402,,85.1,1180.3000000000002,3783.5,-30.199999999999818,329.0,8.0,4966.4,1312.6470199550681,,85.4,1579.0500000000002,3832.0,343.0,676.0,15.0,11321.0,2954.331941544885,15925.400000000001
2004-06-02,,85.4,1986.5,4228.0,19.199999999999818,10.6,0.25,6210.0,1468.7795648060549,,86.0,1934.3000000000002,4231.8,130.69999999999982,0.0,0.0,6708.8,1585.3301195708682,,85.6,1168.6999999999998,3900.0,116.5,339.1,8.0,5058.0,1296.923076923077,,81.8,1724.0500000000002,2593.0,-1239.0,531.0,17.0,7160.0,2761.2803702275355,14952.8
2004-07-03,,85.6,1987.9499999999998,4288.0,60.0,10.7,0.25,6343.0,1479.2444029850747,,85.4,1963.3000000000002,3292.5,-939.3000000000002,0.8,0.03,6074.5,1844.9506454062262,,84.3,1232.5,3266.8,-633.1999999999998,284.0,8.0,4423.2,1353.9855516101384,,82.1,1715.35,2579.0,-14.0,528.0,17.0,7044.0,2731.2911981388133,13426.3
2004-08-16,,86.3,1980.6999999999998,4531.0,243.0,4.5,0.1,6772.0,1494.5928051202825,,83.0,1992.3000000000002,3406.7,114.19999999999982,0.9,0.03,5665.9,1663.1637655208854,,85.6,1196.25,3841.2,574.3999999999996,334.0,8.0,5039.0,1311.8296365719048,,82.5,1682.0,2611.0,32.0,535.0,17.0,6499.0,2489.0846418996553,14389.9
2004-09-14,,86.3,1976.3500000000001,4551.0,20.0,2.3,0.05,6689.7,1469.9406723796967,,85.3,1987.9499999999998,3679.3,272.60000000000036,0.0,0.0,6013.2,1634.3326176174814,,85.3,1245.5500000000002,3191.0,-650.1999999999998,278.0,8.0,4572.0,1432.7796928862426,,82.1,1670.4,2673.0,62.0,472.0,15.0,6404.0,2395.809951365507,14094.3
2004-11-12,,86.2,1992.3000000000002,4505.7,-45.30000000000018,2.3,0.05,6573.0,1458.8188294826555,,83.5,1977.8000000000002,3533.4,-145.9000000000001,0.7,0.02,5861.3,1658.8271919397746,,85.4,1197.6999999999998,3667.0,476.0,342.0,8.53,5146.0,1403.3269702754294,,82.4,1658.8000000000002,2684.0,11.0,474.0,15.0,6724.0,2505.21609538003,14390.1
2004-12-30,,85.6,1973.4499999999998,4176.0,-329.6999999999998,2.1,0.05,6131.0,1468.1513409961685,,82.8,1972.0,3491.5,-41.90000000000009,0.0,0.0,5975.7,1711.499355577832,,85.3,1197.6999999999998,3621.0,-46.0,337.5,8.53,5091.0,1405.9652029826016,,82.0,1650.1,2710.0,26.0,101.95,15.0,7204.4,2296.0,13998.5
2005-02-03,,85.3,2035.8000000000002,4184.8,8.800000000000182,2.1,0.05,6136.5,1466.3783215446376,,81.2,1987.9499999999998,3126.7,-364.8000000000002,0.0,0.0,5639.5,1803.6588096075736,,84.8,1184.65,3263.0,-358.0,322.7,9.0,4891.0,1498.927367453264,,82.0,1629.8000000000002,2712.0,2.0,101.95,17.0,7204.4,2416.0,13286.5
2005-03-05,,84.6,1963.3000000000002,4069.0,-115.80000000000018,4.1,0.1,5688.9,1398.1076431555664,,84.0,1963.3000000000002,3789.7,663.0,0.0,0.0,9023.6,2381.085574055994,,84.2,1197.6999999999998,3238.0,-25.0,360.0,10.0,4316.0,1332.9215565163681,,82.0,1616.75,2581.0,-131.0,101.95,20.0,7204.4,2499.9,13677.7
2005-07-02,,83.65705128205128,1967.6499999999999,4063.0,-6.0,10.2,0.25,5806.0,1428.9933546640414,,84.0,1963.3000000000002,3062.2,-727.5,0.0,0.0,6318.7,2063.4511135784733,,84.4,1178.85,3312.0,74.0,368.0,10.0,5710.0,1724.0338164251207,,82.0,1606.6,2623.0,42.0,101.95,20.0,7204.4,2412.0,13060.2
2005-07-06,,84.6,1954.6000000000001,4049.0,-14.0,10.0,0.25,5675.0,1401.580637194369,,83.9,1963.3000000000002,3651.8,589.6000000000004,0.0,0.0,6541.7,1791.3631633714879,,84.6,1171.6,3412.8,100.80000000000018,379.0,10.0,4099.0,1201.0665729020159,,81.0,1626.9,2448.0,-175.0,612.0,20.0,6432.0,2627.450980392157,13561.6
2005-08-06,,83.65705128205128,1958.9499999999998,4078.0,29.0,10.0,0.25,5615.0,1376.9004413928396,,83.6,1970.5500000000002,3540.3,-111.5,0.0,0.0,6100.1,1723.046069542129,,84.4,1178.85,3354.7,-58.100000000000364,252.0,7.0,3891.0,1159.86526365994,,83.0,1590.65,2710.0,262.0,677.0,20.0,6548.0,2416.2361623616234,13683.0
2005-09-10,,85.0,1953.1499999999999,4091.0,13.0,2.0,0.05,5696.0,1392.3246150085554,,84.2,1960.3999999999999,3660.3,120.0,0.0,0.0,6262.6,1710.952654154031,,84.7,1154.1999999999998,3454.0,99.30000000000018,260.0,7.0,3991.0,1155.4719166184134,,84.0,1561.65,2922.0,212.0,730.0,20.0,6874.0,2352.4982888432583,14127.3
2005-10-10,,85.1,1943.0,4055.0,-36.0,6.0,0.15,5001.0,1233.292231812577,,84.1,1947.3500000000001,3658.9,-1.400000000000091,0.0,0.0,6242.5,1706.1138593566372,,84.4,1162.9,3195.0,-259.0,355.0,10.0,3760.0,1176.8388106416276,,84.0,1547.15,2939.0,17.0,735.0,20.0,7411.0,2521.605988431439,13847.9
2005-11-05,,85.2,1941.5500000000002,4088.0,33.0,2.0,0.05,5071.0,1240.4598825831702,,84.1,1938.6499999999999,3696.8,37.90000000000009,0.0,0.0,6009.5,1625.5951092837047,,84.1,1175.9499999999998,3091.0,-104.0,421.5,12.0,3721.6,1204.0116467162732,,84.0,1538.4499999999998,2950.0,11.0,604.0,17.0,6603.0,2238.3050847457625,13825.8
2005-12-09,,85.0,1941.5500000000002,4086.0,-2.0,2.0,0.05,5583.0,1366.372980910426,,83.8,1934.3000000000002,3579.0,-117.80000000000018,0.0,0.0,5157.0,1440.905280804694,,84.3,1173.0500000000002,3095.0,4.0,422.0,12.0,3757.0,1213.8933764135702,,84.0,1521.0500000000002,2974.0,24.0,609.0,17.0,6672.0,2243.4431741761937,13734.0
2006-01-09,,85.0,1953.1499999999999,4107.0,21.0,0.0,0.1,7809.25063583815,1178.6,,84.0,1932.8500000000001,3626.2,47.19999999999982,0.0,0.0,5939.2,1178.6,,84.4,1168.6999999999998,3142.0,47.0,388.0,11.0,3970.0,1178.6,,84.0,1506.5500000000002,3131.0,157.0,641.0,17.0,7362.0,2351.325455126158,14006.2
2006-02-06,,85.0,1902.3999999999999,4203.0,96.0,0.0,0.1,7809.25063583815,1120.0,,83.7,1928.5,3628.0,1.800000000000182,0.0,0.0,6006.5,1120.0,,84.2,1171.6,3156.0,14.0,390.0,11.0,3896.5,1120.0,,85.0,1476.1,2934.0,-197.0,733.0,20.0,7293.0,2485.6850715746423,13921.0
2006-03-07,,85.0,1918.3500000000001,4155.0,-48.0,0.0,0.1,7809.25063583815,1317.0,,82.6,1943.0,3383.9,-244.0999999999999,0.0,0.0,5386.7,1317.0,,83.13727810650887,1170.15,3108.0,-48.0,464.5,13.0,3676.0,1317.0,,84.0,1458.6999999999998,3083.0,149.0,819.0,21.0,7081.0,2296.788842036977,13729.9
2006-04-05,,87.0,1899.5,4599.0,444.0,0.0,0.0,7809.25063583815,1280.0,,81.5,1953.1499999999999,3075.0,-308.9000000000001,0.0,0.0,4929.9,1280.0,,83.8,1178.85,3089.0,-19.0,461.6,13.0,3818.0,1280.0,,85.0,1438.4,3202.0,119.0,751.0,19.0,7988.0,2494.690818238601,13965.0
